test_stream$start:INTEGER,test_stream$end:INTEGER,test_stream$value:INTEGER
1647385260000,1647385262000,206.000000
1647385262000,1647385264000,226.000000